<?xml version="1.0" encoding="UTF-8"?>
<fits_configuration>
	<!-- Order of the tools determines preference -->
	<tools>
		<!-- exclude-exts attribute is a comma delimited list of file extensions that the tool should not try to process -->
 		<tool class="edu.harvard.hul.ois.fits.tools.oisfileinfo.AudioInfo" include-exts="wav"/>
		<tool class="edu.harvard.hul.ois.fits.tools.oisfileinfo.ADLTool" include-exts="adl"/>
		<tool class="edu.harvard.hul.ois.fits.tools.jhove.Jhove" exclude-exts="dng,mbx,mbox,arw,adl,eml,java"/>
	 	<tool class="edu.harvard.hul.ois.fits.tools.fileutility.FileUtility" exclude-exts="dng,wps,adl,jar"/>
	 	<tool class="edu.harvard.hul.ois.fits.tools.exiftool.Exiftool" exclude-exts="txt,wps,vsd,jar"/>
	 	<tool class="edu.harvard.hul.ois.fits.tools.droid.Droid"  exclude-exts="odm"/>
	 	<tool class="edu.harvard.hul.ois.fits.tools.nlnz.MetadataExtractor" exclude-exts="dng,zip,odb,ott,odg,otg,odp,otp,ods,ots,odc,otc,odi,oti,odf,otf,odm,oth,tif,tiff"/>
		<tool class="edu.harvard.hul.ois.fits.tools.oisfileinfo.FileInfo"/>
		<tool class="edu.harvard.hul.ois.fits.tools.oisfileinfo.XmlMetadata" include-exts="xml"/>
		<tool class="edu.harvard.hul.ois.fits.tools.ffident.FFIdent" exclude-exts="dng,wps,vsd,jar,ppt"/>
		<tool class="edu.harvard.hul.ois.fits.tools.tika.TikaTool" exclude-exts="jar"/>
	</tools> 
  		
	<output>
		<dataConsolidator class="edu.harvard.hul.ois.fits.consolidation.OISConsolidator"/>
		<display-tool-output>false</display-tool-output>
		<report-conflicts>true</report-conflicts>	
		<validate-tool-output>false</validate-tool-output>
		<internal-output-schema>xml/fits_output.xsd</internal-output-schema>
		<external-output-schema>http://hul.harvard.edu/ois/xml/xsd/fits/fits_output.xsd</external-output-schema>
		<fits-xml-namespace>http://hul.harvard.edu/ois/xml/ns/fits/fits_output</fits-xml-namespace>
		<enable-statistics>true</enable-statistics>
		<enable-checksum>true</enable-checksum>
		<!-- The below controls the exclusion of the checksum for certain files, even if enable-checksum is true -->
		<!-- Audio Exclusions -->
		<!-- <checksum-exclusions exclude-exts=" wav,aif,mp3,mp4,m4a,ra,rm"/> -->
	</output>
	
	<process>
		<max-threads>20</max-threads>
	</process>
	
	<!-- file name of the droid signature file to use in tools/droid/-->
	<droid_sigfile>DROID_SignatureFile_V67.xml</droid_sigfile>
		
</fits_configuration>
