<?xml version="1.0" encoding="UTF-8"?>
<ConfigFile xmlns="http://www.nationalarchives.gov.uk/pronom/ConfigFile">
  <SigFile>DROID_SignatureFile_V35.xml</SigFile>
  <SigFileVersion>13</SigFileVersion>
  <SigFileURL>http://www.nationalarchives.gov.uk/pronom/service.asmx</SigFileURL>
  <ProxyHost />
  <ProxyPort />
  <PuidResolution>http://www.nationalarchives.gov.uk/pronom/</PuidResolution>
  <BrowserPath />
  <SigFileCheckFreq>30</SigFileCheckFreq>
  <DateLastDownload>2008-09-26T11:10:06</DateLastDownload>
</ConfigFile>

